﻿<parameters>
  <parameter name="IIS Web Application Name" defaultValue="Default Web Site/Marketplace.Admin.Web_deploy" tags="IisApp">
    <parameterEntry kind="ProviderPath" scope="IisApp" match="^E:\\AK\\Code\\MarketPlace_tfs\\TCC\ Marketplace\\Admin\\Marketplace\.Admin\\Marketplace\.Admin\.Web\\obj\\Release\\Package\\PackageTmp$" />
    <parameterEntry kind="ProviderPath" scope="setAcl" match="^E:\\AK\\Code\\MarketPlace_tfs\\TCC\ Marketplace\\Admin\\Marketplace\.Admin\\Marketplace\.Admin\.Web\\obj\\Release\\Package\\PackageTmp$" />
  </parameter>
  <parameter name="Add write permission to App_Data Folder" description="Add write permission to App_Data folder" defaultValue="{IIS Web Application Name}/App_Data" tags="Hidden">
    <parameterEntry kind="ProviderPath" scope="setAcl" match="^E:\\AK\\Code\\MarketPlace_tfs\\TCC\ Marketplace\\Admin\\Marketplace\.Admin\\Marketplace\.Admin\.Web\\obj\\Release\\Package\\PackageTmp\\App_Data$" />
  </parameter>
  <parameter name="StorageConnection-Web.config Connection String" defaultValue="DefaultEndpointsProtocol=https;AccountName=mktplcstorage;AccountKey=KRNIkIgtbGgag6erS6qkjuYEVEYhbYrQjcm/nGfQmp41a+A0QhV7Sa1CrBZq32ysuEznQykavuq8KUM4xCR6jg==">
    <parameterEntry kind="XmlFile" scope="E:\\AK\\Code\\MarketPlace_tfs\\TCC\ Marketplace\\Admin\\Marketplace\.Admin\\Marketplace\.Admin\.Web\\obj\\Release\\Package\\PackageTmp\\Web\.config$" match="/configuration/connectionStrings/add[@name='StorageConnection']/@connectionString" />
  </parameter>
  <parameter name="MarketplaceAdminDb-Web.config Connection String" description="MarketplaceAdminDb Connection String used in web.config by the application to access the database." defaultValue="Data Source=mktplcsql.database.windows.net;Database=mktplcqa;User ID=tccmktplc@mktplcsql;Password=TheNumber8ty0ne;MultipleActiveResultSets=True;App=EntityFramework" tags="SqlConnectionString">
    <parameterEntry kind="XmlFile" scope="E:\\AK\\Code\\MarketPlace_tfs\\TCC\ Marketplace\\Admin\\Marketplace\.Admin\\Marketplace\.Admin\.Web\\obj\\Release\\Package\\PackageTmp\\Web\.config$" match="/configuration/connectionStrings/add[@name='MarketplaceAdminDb']/@connectionString" />
  </parameter>
</parameters>