﻿<parameters>
  <parameter name="IIS Web Application Name" defaultValue="Default Web Site/TCCMarketPlace.Apis_deploy" tags="IisApp">
    <parameterEntry kind="ProviderPath" scope="IisApp" match="^E:\\Projects\\TCCMarketPlace\\API\\TCCMarketPlace\.Apis\\obj\\Release\\Package\\PackageTmp$" />
    <parameterEntry kind="ProviderPath" scope="setAcl" match="^E:\\Projects\\TCCMarketPlace\\API\\TCCMarketPlace\.Apis\\obj\\Release\\Package\\PackageTmp$" />
  </parameter>
  <parameter name="AzureRedisCache-Web.config Connection String" defaultValue="mktplcqa.redis.cache.windows.net:6380,password=+dYB6j6i0JSLqbB/ThJOqtP2PREQ8OuAgc27y1rmIys=,ssl=True,abortConnect=False">
    <parameterEntry kind="XmlFile" scope="E:\\Projects\\TCCMarketPlace\\API\\TCCMarketPlace\.Apis\\obj\\Release\\Package\\PackageTmp\\Web\.config$" match="/configuration/connectionStrings/add[@name='AzureRedisCache']/@connectionString" />
  </parameter>
  <parameter name="StorageConnection-Web.config Connection String" defaultValue="DefaultEndpointsProtocol=https;AccountName=mktplcstorage;AccountKey=KRNIkIgtbGgag6erS6qkjuYEVEYhbYrQjcm/nGfQmp41a+A0QhV7Sa1CrBZq32ysuEznQykavuq8KUM4xCR6jg==">
    <parameterEntry kind="XmlFile" scope="E:\\Projects\\TCCMarketPlace\\API\\TCCMarketPlace\.Apis\\obj\\Release\\Package\\PackageTmp\\Web\.config$" match="/configuration/connectionStrings/add[@name='StorageConnection']/@connectionString" />
  </parameter>
</parameters>